,spec,weights,term,n,ame,se,p
0,innovation only,unweighted,innov_any,749,0.011935129359367818,0.038162150588119975,0.7544722624150781
1,innovation only,weighted (wt),innov_any,749,0.05988797935545974,0.04010689832672231,0.13538250125042683
2,innovation types,unweighted,product,746,0.08293685925768637,0.047742129630515,0.08235471465094424
3,innovation types,unweighted,process,746,-0.04149979507895238,0.04529042668167257,0.35950751752364485
4,innovation types,unweighted,rnd,746,0.005177134532142258,0.055088583673478,0.9251263499806339
5,innovation types,weighted (wt),product,746,0.1235861649912708,0.0506272957134193,0.014642700875657333
6,innovation types,weighted (wt),process,746,0.02566512746074136,0.04827981404292384,0.5950091153685517
7,innovation types,weighted (wt),rnd,746,0.0008470457997257931,0.06846510799659943,0.9901288766682683
8,innovation + exporter,unweighted,innov_any,749,0.013170274489706039,0.03817347243277107,0.7300859712777232
9,innovation + exporter,unweighted,export_any,749,-0.055138869943481834,0.06891454285801016,0.42364996760564266
10,innovation + exporter,weighted (wt),innov_any,749,0.059677350794031844,0.04018785732422879,0.1375544851317314
11,innovation + exporter,weighted (wt),export_any,749,0.008913301981745229,0.0900954712972037,0.9211924655256201
