,year,variable,n_valid,unweighted_share,weighted_share
0,2014,innov_paper,2676,0.7088938714499252,0.7302266283038553
1,2014,innov_any,2635,0.6075901328273244,0.606533457851569
2,2014,product,2610,0.4984674329501916,0.5274847558806177
3,2014,process,2613,0.4971297359357061,0.49761072698752384
4,2014,organizational,2615,0.39694072657743784,0.36499478070359903
5,2014,marketing,2621,0.5238458603586418,0.4921812741904744
6,2014,rnd,2596,0.17372881355932204,0.13802634775519265
7,2014,export_any,2676,0.23878923766816143,0.16333879907591428
8,2014,export_direct,2676,0.17787742899850523,0.13054294263207372
9,2014,training,2573,0.2930431403031481,0.30746920798372634
10,2025,innov_any,1043,0.42569511025886864,0.3367087411786346
11,2025,product,1042,0.2533589251439539,0.20268255814439287
12,2025,process,1042,0.24856046065259116,0.19821873480228697
13,2025,rnd,1039,0.16073147256977863,0.10096797621316561
14,2025,export_any,1043,0.07574304889741132,0.06533730952916209
15,2025,export_direct,1043,0.046021093000958774,0.04434025878653003
16,2025,training,1041,0.35446685878962536,0.36222116328391624
