,year,type,n,ame,se,p
0,2014,product,1979,0.008396764833081268,0.020510998901498705,0.6822618125686177
1,2014,process,1979,-0.01625511623397265,0.022049962205545302,0.46100392954942304
2,2014,organizational,1979,0.03961411985455523,0.021283385031772302,0.0627060986045993
3,2014,marketing,1979,0.014076771958325409,0.020824565811951194,0.4990599910061482
4,2014,rnd,1979,0.0855819876964212,0.02480951687107809,0.0005614950102075245
5,2014,Wald: all types equal (coef),1979,,,0.021946649945390553
6,2025,product,995,0.007219116810624446,0.01903054213864555,0.7044326312776041
7,2025,process,995,0.018737770205354318,0.020062417895795846,0.350317471633933
8,2025,rnd,995,-0.011902234143811153,0.019371728335840957,0.5389427058425671
9,2025,Wald: all types equal (coef),995,,,0.5263532720785631
