,coef,se,p
innov_eq:Intercept,-0.7792705861354452,0.13245097495574457,4.017667236292888e-09
innov_eq:log_emp,0.03702138479709863,0.04073306726766895,0.3634145785454225
innov_eq:age,-0.00478314083232295,0.003865370457408428,0.21592600222291802
innov_eq:female_owner,0.23859118529382664,0.09759563125300322,0.01449761946071657
innov_eq:mgr_exp,0.018236198971333384,0.005038318032739638,0.00029517125990544016
innov_eq:quality_cert,-0.2016976349992186,0.16576868149402926,0.22370258212017202
innov_eq:foreign_owned,0.5293665223800444,0.19992649175236957,0.008101605256510509
innov_eq:foreign_tech,0.26903065533719867,0.12253613796114193,0.028126251346473802
innov_eq:training,0.4243762691378827,0.08676506942452089,1.0027612595640282e-06
export_eq:innov,0.6971604982850967,0.610971921202595,0.2538416332665857
export_eq:Intercept,-1.954528291041451,0.1939994143019129,7.131988616235664e-24
export_eq:log_emp,0.05922875919605843,0.060103983536412074,0.32440889115280813
export_eq:age,0.005983674865513223,0.004792069133619987,0.2117887070053588
export_eq:female_owner,0.1288592935792581,0.15647740498035959,0.4102231701759086
export_eq:mgr_exp,-0.01640677239645554,0.007771908276508749,0.0347692814046834
export_eq:quality_cert,0.8262230922904813,0.18907942920958143,1.2440917710873319e-05
export_eq:foreign_owned,0.17265796782715173,0.2623976591752765,0.510537376687382
atanh_rho,-0.3641446553471646,0.4232016688102819,0.3895400192522256
