,measure,n_valid,unweighted,weighted
0,any AI,777,0.4272844272844273,0.4318224860412269
1,AI chatbot,774,0.35142118863049093,0.3773089955266251
2,generative AI (media/text),771,0.2503242542153048,0.26011777047525103
3,machine learning,775,0.10064516129032258,0.10156304871035081
4,AI agent,774,0.09302325581395349,0.10222450461481503
5,workflow automation / decision support,772,0.08937823834196891,0.10580433906635586
6,autonomous machines,773,0.03234152652005175,0.034761567290007886
7,uses AI in R&D (adopters only),329,0.601823708206687,0.5901708695134423
8,sells own AI technology,775,0.04129032258064516,0.034699391701062454
