,group,value,n,ai_adoption_weighted,ai_adoption_unweighted
0,"innovated (product|process|R&D), 2025",0,447,0.4183993956811766,0.41834451901565994
1,"innovated (product|process|R&D), 2025",1,330,0.45734206210759487,0.4393939393939394
2,product innovation,0,580,0.4171080265575455,0.41551724137931034
3,product innovation,1,197,0.4892497022485422,0.4619289340101523
4,process innovation,0,580,0.42606134089236053,0.43103448275862066
5,process innovation,1,197,0.4530924584596442,0.41624365482233505
6,R&D spending,0,651,0.42645826656891617,0.4147465437788018
7,R&D spending,1,123,0.48951557602796114,0.4959349593495935
8,"exporter, 2025",0,721,0.42130406638452417,0.42441054091539526
9,"exporter, 2025",1,56,0.6107986373413968,0.4642857142857143
